title,url,date,source
成都“十五五”规划：布局绿色氢氨醇赛道，构建“一廊多路”氢交通体系,http://www.china-nengyuan.com/news/245397.html,2026-04-01,新能源网
深圳出台行动计划 零碳数据中心纳入 AI 产业链核心任务,http://www.china-nengyuan.com/news/245386.html,2026-04-01,新能源网
甘肃省：培育建设绿电绿氢零碳园区,http://www.china-nengyuan.com/news/245312.html,2026-03-31,新能源网
系统循环效率大于89%锂电储能、时长大于4小时全钒液流储能项目给予优先支持！河南省发布新型储能高质量发展若干措施,http://www.china-nengyuan.com/news/245021.html,2026-03-26,新能源网
《华中区域省间电力中长期市场实施细则》印发,https://www.escn.com.cn/news/show-2244454.html,2026-03-30,中国储能网
广西首次开展独立储能电站竞价参与电力现货交易,https://www.escn.com.cn/news/show-2244416.html,2026-03-30,中国储能网
三部门启动综合应用试点  氢能从“单一示范”迈向“多元生态”,https://www.escn.com.cn/news/show-2244408.html,2026-03-30,中国储能网
透视广东电力市场：3大规则配套“136号文”，分时电价或将进一步优化,https://www.escn.com.cn/news/show-2244029.html,2026-03-26,中国储能网
今年沈阳将更新老化燃气管网252公里,https://cpnn.com.cn/news/dfny/202603/t20260331_1878015.html,2026-03-31,中国能源新闻网
陇东能源城——从“一油独大”到“多能迸发”,https://cpnn.com.cn/news/dfny/202603/t20260331_1877915.html,2026-03-31,中国能源新闻网
新疆经济看点：新疆能源生产满弓劲发,https://cpnn.com.cn/news/dfny/202603/t20260331_1877819.html,2026-03-31,中国能源新闻网
装机规模超1.6亿千瓦 新疆新能源产业活力迸发,https://cpnn.com.cn/news/dfny/202603/t20260330_1877681.html,2026-03-30,中国能源新闻网
云南省持续推进澜湄合作,https://cpnn.com.cn/news/dfny/202603/t20260330_1877625.html,2026-03-30,中国能源新闻网
山西发布突发生态环境事件应急预案,https://cpnn.com.cn/news/dfny/202603/t20260330_1877627.html,2026-03-30,中国能源新闻网
上海市发布2026年第五批节能减排专项资金计划,https://cpnn.com.cn/news/dfny/202603/t20260327_1876928.html,2026-03-27,中国能源新闻网
一季度青海省电网及火电领域预计开复工项目55项,https://cpnn.com.cn/news/dfny/202603/t20260327_1876916.html,2026-03-27,中国能源新闻网
湖北抢先布局！算力基建提速，电力保障全面升级,https://cpnn.com.cn/news/dfny/202603/t20260327_1876939.html,2026-03-27,中国能源新闻网
关于《广州市促进人工智能产业高质量发展实施方案》政策解读,https://www.gkzhan.com/news/detail/190828.html,04月01日,智能制造网
广州市人民政府办公厅关于印发广州市促进人工智能产业高质量发展实施方案的通知,https://www.gkzhan.com/news/detail/190827.html,04月01日,智能制造网
四问！读懂《推动物联网产业创新发展行动方案（2026—2028年）》,https://www.gkzhan.com/news/detail/190805.html,03月31日,智能制造网
工信部等九部门联合印发《推动物联网产业创新发展行动方案（2026—2028年）》,https://www.gkzhan.com/news/detail/190804.html,03月31日,智能制造网
国家市场监督管理总局关于修改《商品条码管理办法》的决定,https://www.gkzhan.com/news/detail/190801.html,03月31日,智能制造网
目标2028年产业规模突破2000亿元 武汉市发布“人工智能＋”行动方案,https://www.gkzhan.com/news/detail/190799.html,03月31日,智能制造网
《通信短信息服务管理规定(修订)》解读,https://www.gkzhan.com/news/detail/190779.html,03月30日,智能制造网
黑龙江省工业和信息化厅 黑龙江省财政厅关于印发《黑龙江省培育发展新食品奖励政策实施细则》的通知,https://www.gkzhan.com/news/detail/190711.html,03月27日,智能制造网
一文读懂《中华人民共和国生态环境法典》,https://www.ccnta.cn/article/24594.html,2026-03-26,中国核技术网
